variable,age,daily_social_media_hours,sleep_hours,screen_time_before_sleep,academic_performance,physical_activity,stress_level,anxiety_level
age,1,0.005287064998046992,-0.008786141944597101,0.009116608445478855,-0.0011700548068409422,-0.009613562488615253,0.002287174344407201,0.007787029817701066
daily_social_media_hours,0.005287064998046992,1,-0.7683777911072015,-0.014368965701651727,-0.8626158416340546,-0.03316044540575113,0.9102924957811591,0.8668835309616147
sleep_hours,-0.008786141944597101,-0.7683777911072015,1,-0.3980770123043408,0.8049179341797791,0.03952637626861316,-0.783237902726388,-0.743168094482081
screen_time_before_sleep,0.009116608445478855,-0.014368965701651727,-0.3980770123043408,1,-0.12939559914494034,-0.0038109116122318587,0.06476683287976685,0.05564738537258916
academic_performance,-0.0011700548068409422,-0.8626158416340546,0.8049179341797791,-0.12939559914494034,1,0.20395081210405125,-0.9354486681746796,-0.887875487400116
physical_activity,-0.009613562488615253,-0.03316044540575113,0.03952637626861316,-0.0038109116122318587,0.20395081210405125,1,-0.253093945673293,-0.22261231745793683
stress_level,0.002287174344407201,0.9102924957811591,-0.783237902726388,0.06476683287976685,-0.9354486681746796,-0.253093945673293,1,0.9497425611176303
anxiety_level,0.007787029817701066,0.8668835309616147,-0.743168094482081,0.05564738537258916,-0.887875487400116,-0.22261231745793683,0.9497425611176303,1
