usage_band,teens,min_social_hours,max_social_hours,avg_social_hours,avg_stress,avg_anxiety,avg_sleep,avg_gpa,high_depression_risk_share
1,625,1,2.7,1.86192,2.0256,1.8528,7.23248,3.530256,0
2,625,2.7,4.4,3.56544,4.2656,3.8384,6.4856,3.098432,0.0192
3,625,4.4,6.2,5.29424,6.9056,6.4032,5.86576,2.661264,0.272
4,625,6.2,8,7.11056,9.1888,8.5648,5.18592,2.273824,0.6432
